Summary,Issue key,Issue id,Issue Type,Status,Project key,Project name,Project type,Project lead,Project lead id,Project description,Priority,Resolution,Assignee,Assignee Id,Reporter,Reporter Id,Creator,Creator Id,Created,Updated,Last Viewed,Resolved,Due date,Votes,Description,Environment,Watchers,Watchers Id,Original estimate,Remaining Estimate,Time Spent,Work Ratio,Σ Original Estimate,Σ Remaining Estimate,Σ Time Spent,Security Level,Outward issue link (Blocks),Outward issue link (Blocks),Outward issue link (Cloners),Outward issue link (Cloners),Outward issue link (Relates),Outward issue link (Relates),Outward issue link (Relates),Outward issue link (Relates),Outward issue link (Relates),Outward issue link (Relates),Outward issue link (Relates),Outward issue link (Relates),Outward issue link (Relates),Outward issue link (Relates),Outward issue link (Relates),Outward issue link (Relates),Outward issue link (Relates),Outward issue link (Relates),Outward issue link (Relates),Outward issue link (Relates),Outward issue link (Relates),Attachment,Attachment,Custom field (Actual end),Custom field (Actual start),Custom field (Change reason),Custom field (Change risk),Custom field (Change type),Custom field (Development),Custom field (Epic Color),Custom field (Epic Link),Custom field (Epic Name),Custom field (Epic Status),Custom field (Impact),Custom field (Issue color),Custom field (Rank),Custom field (Request Type),Sprint,Custom field (Start date),Custom field (Story Points),Custom field (Story point estimate),Custom field (Target end),Custom field (Target start),Custom field (Team),Custom field ([CHART] Date of First Response),Status Category
Property URL field accepts more than 500  characters,RE-98,10119,Bug,To Do,RE,Real Estate,software,shruti shinde,612ef7a263f7bb00697f52d1,,Medium,,shruti shinde,612ef7a263f7bb00697f52d1,shruti shinde,612ef7a263f7bb00697f52d1,shruti shinde,612ef7a263f7bb00697f52d1,08/Sep/21 11:52 AM,09/Sep/21 3:46 AM,09/Sep/21 5:19 AM,,,0,"h1. Property URL field accepts more than 500 characters

Steps to reproduce:

1.Admin navigates to Real Estate site

2.Admin selects Properties

3.Admin navigates to Properties Settings

4.Admin enters text in Property URL field

Expected Result:

Admin should be able to enter text with Maximun 500 characters

Actual Result

Admin should be able to enter text with more than 500 characters

!Properties Settings ‹ Real Estate — WordPress and 1 more page - Work - Microsoft​ Edge 08-09-2021 17_24_45-20210908-115445.png|width=1536,height=824!",,shruti shinde,612ef7a263f7bb00697f52d1,,,,,,,,,RE-65,RE-72,,,,,,,,,,,,,,,,,,,,08/Sep/21 11:55 AM;ug:6d5e7bbe-3fd2-4014-8a85-81e0fd14774b;Properties Settings ‹ Real Estate — WordPress and 1 more page - Work - Microsoft​ Edge 08-09-2021 17_24_45-20210908-115445.png;https://corporateola122.atlassian.net/secure/attachment/10013/Properties+Settings+%E2%80%B9+Real+Estate+%E2%80%94+WordPress+and+1+more+page+-+Work+-+Microsoft%E2%80%8B+Edge+08-09-2021+17_24_45-20210908-115445.png,,,,,,,{},,,,,,,0|i000ek:m,,RE Sprint 1,,,,,,,,To Do
Property URL field is accepting only alphanumeric input,RE-97,10118,Bug,To Do,RE,Real Estate,software,shruti shinde,612ef7a263f7bb00697f52d1,,Medium,,shruti shinde,612ef7a263f7bb00697f52d1,shruti shinde,612ef7a263f7bb00697f52d1,shruti shinde,612ef7a263f7bb00697f52d1,08/Sep/21 11:31 AM,09/Sep/21 3:47 AM,09/Sep/21 5:19 AM,,,0,,,shruti shinde,612ef7a263f7bb00697f52d1,,,,,,,,,RE-66,RE-65,,,,,,,,,,,,,,,,,,,,,,,,,,,{},,,,,,,0|i000ei:,,RE Sprint 1,,,,,,,,To Do
Property Url field should start with http:// or https://,RE-96,10117,Bug,To Do,RE,Real Estate,software,shruti shinde,612ef7a263f7bb00697f52d1,,Medium,,shruti shinde,612ef7a263f7bb00697f52d1,shruti shinde,612ef7a263f7bb00697f52d1,shruti shinde,612ef7a263f7bb00697f52d1,08/Sep/21 10:07 AM,09/Sep/21 3:46 AM,09/Sep/21 5:19 AM,,,0,"h1. Property Url field should start with http:// or https://

Steps to Reproduce:

1 Admin navigates to Real Estate site

2.Admin selects Properties

3.Admin navigates to Properties Settings

4.Admin enters text in Property URL field

Expected Result:

Admin should not be able to
enter the text without starting with http:// or https://

Actual Result:

Admin should is able to
enter the text without starting with http:// or https://

!Properties Settings ‹ Real Estate — WordPress - Work - Microsoft​ Edge 08-09-2021 16_48_02-20210908-111802.png|width=1536,height=824!",,shruti shinde,612ef7a263f7bb00697f52d1,,,,,,,,,RE-68,RE-65,,,,,,,,,,,,,,,,,,,,08/Sep/21 11:39 AM;ug:6d5e7bbe-3fd2-4014-8a85-81e0fd14774b;Properties Settings ‹ Real Estate — WordPress - Work - Microsoft​ Edge 08-09-2021 16_48_02-20210908-111802.png;https://corporateola122.atlassian.net/secure/attachment/10011/Properties+Settings+%E2%80%B9+Real+Estate+%E2%80%94+WordPress+-+Work+-+Microsoft%E2%80%8B+Edge+08-09-2021+16_48_02-20210908-111802.png,,,,,,,{},,,,,,,0|i000ek:r,,RE Sprint 1,,,,,,,,To Do
Admin can see un-necessary pop-up message,RE-95,10116,Bug,To Do,RE,Real Estate,software,shruti shinde,612ef7a263f7bb00697f52d1,,Medium,,shruti shinde,612ef7a263f7bb00697f52d1,shruti shinde,612ef7a263f7bb00697f52d1,shruti shinde,612ef7a263f7bb00697f52d1,08/Sep/21 9:55 AM,09/Sep/21 3:47 AM,09/Sep/21 5:19 AM,,,0,"h1. Admin can see un-necessary pop-up message “Something went wrong” after delete option is clicked

Admin navigates to Real Estate site

Admin selects Properties

Admin navigates to Regions page

Admin clicks on delete option of any particular record in displayed result

Expected Result:

Admin should be able to delete that particular record in
displayed result.

Actual Result:

Admin can see un-necessary pop-up message “Something went wrong”.

!Regions ‹ Real Estate — WordPress - Work - Microsoft​ Edge 08-09-2021 15_28_39-20210908-095839.png|width=1536,height=824!",,shruti shinde,612ef7a263f7bb00697f52d1,,,,,,,,,RE-39,RE-8,,,,,,,,,,,,,,,,,,,,08/Sep/21 9:58 AM;ug:6d5e7bbe-3fd2-4014-8a85-81e0fd14774b;Regions ‹ Real Estate — WordPress - Work - Microsoft​ Edge 08-09-2021 15_28_39-20210908-095839.png;https://corporateola122.atlassian.net/secure/attachment/10008/Regions+%E2%80%B9+Real+Estate+%E2%80%94+WordPress+-+Work+-+Microsoft%E2%80%8B+Edge+08-09-2021+15_28_39-20210908-095839.png,,,,,,,{},,,,,,,0|i000ej:r,,RE Sprint 1,,,,,,,,To Do
Name field in edit page should not accept invalid input.,RE-94,10115,Bug,To Do,RE,Real Estate,software,shruti shinde,612ef7a263f7bb00697f52d1,,Medium,,shruti shinde,612ef7a263f7bb00697f52d1,shruti shinde,612ef7a263f7bb00697f52d1,shruti shinde,612ef7a263f7bb00697f52d1,08/Sep/21 9:45 AM,09/Sep/21 3:47 AM,09/Sep/21 5:19 AM,,,0,"h1. Name field in edit page should not accept special Characters.

Steps to reproduce:

1.Admin navigates to Real Estate site

2.Admin selects Properties

3.Admin navigates to Regions page

4.Admin clicks on edit option of any particular record in displayed result

5.Admin enters the text in name field.

Expected Result:

Admin should be able to enter text in name field of edit as it is mandatory.
It can be alphanumeric but no special characters.

Actual Result:

Admin is able to enter text in name field of edit which contains special characters.

!Edit Region ‹ Real Estate — WordPress - Work - Microsoft​ Edge 08-09-2021 15_19_01-20210908-094901.png|width=1536,height=824!",,shruti shinde,612ef7a263f7bb00697f52d1,,,,,,,,,RE-30,RE-7,,,,,,,,,,,,,,,,,,,,08/Sep/21 9:49 AM;ug:6d5e7bbe-3fd2-4014-8a85-81e0fd14774b;Edit Region ‹ Real Estate — WordPress - Work - Microsoft​ Edge 08-09-2021 15_19_01-20210908-094901.png;https://corporateola122.atlassian.net/secure/attachment/10007/Edit+Region+%E2%80%B9+Real+Estate+%E2%80%94+WordPress+-+Work+-+Microsoft%E2%80%8B+Edge+08-09-2021+15_19_01-20210908-094901.png,,,,,,,{},,,,,,,0|i000ej:i,,RE Sprint 1,,,,,,,,To Do
Name field in region page should not accept special characters ,RE-93,10114,Bug,To Do,RE,Real Estate,software,shruti shinde,612ef7a263f7bb00697f52d1,,Medium,,shruti shinde,612ef7a263f7bb00697f52d1,shruti shinde,612ef7a263f7bb00697f52d1,shruti shinde,612ef7a263f7bb00697f52d1,08/Sep/21 9:23 AM,09/Sep/21 3:46 AM,09/Sep/21 5:19 AM,,,0,"h1. Name field should not accept invalid input

Steps to reproduce:

1.Admin navigates to Real Estate site

2.Admin selects Properties

3.Admin navigates to Regions page

4.Admin should enter name in Name field

Expected Result:

Admin should be able to enter the text with special characters

Actual Result:

Admin is able to enter the text with special characters

!Regions ‹ Real Estate — WordPress - Work - Microsoft​ Edge 08-09-2021 16_17_01-20210908-104701.png|width=1536,height=824!

!Regions ‹ Real Estate — WordPress - Work - Microsoft​ Edge 08-09-2021 16_16_54-20210908-104654.png|width=1536,height=824!",,shruti shinde,612ef7a263f7bb00697f52d1,,,,,,,,,RE-80,RE-2,,,,,,,,,,,,,,,,,,,,08/Sep/21 10:47 AM;ug:6d5e7bbe-3fd2-4014-8a85-81e0fd14774b;Regions ‹ Real Estate — WordPress - Work - Microsoft​ Edge 08-09-2021 16_16_54-20210908-104654.png;https://corporateola122.atlassian.net/secure/attachment/10009/Regions+%E2%80%B9+Real+Estate+%E2%80%94+WordPress+-+Work+-+Microsoft%E2%80%8B+Edge+08-09-2021+16_16_54-20210908-104654.png,08/Sep/21 10:47 AM;ug:6d5e7bbe-3fd2-4014-8a85-81e0fd14774b;Regions ‹ Real Estate — WordPress - Work - Microsoft​ Edge 08-09-2021 16_17_01-20210908-104701.png;https://corporateola122.atlassian.net/secure/attachment/10010/Regions+%E2%80%B9+Real+Estate+%E2%80%94+WordPress+-+Work+-+Microsoft%E2%80%8B+Edge+08-09-2021+16_17_01-20210908-104701.png,,,,,,{},,,,,,,0|i000ek:,,RE Sprint 1,,,,,,,,To Do
Property URL field can't accept white spaces,RE-92,10113,Bug,To Do,RE,Real Estate,software,shruti shinde,612ef7a263f7bb00697f52d1,,Medium,,shruti shinde,612ef7a263f7bb00697f52d1,shruti shinde,612ef7a263f7bb00697f52d1,shruti shinde,612ef7a263f7bb00697f52d1,08/Sep/21 9:09 AM,09/Sep/21 3:46 AM,09/Sep/21 5:19 AM,,,0,"h1. Property URL field can't accept white spaces

Steps to Reproduce

1.Admin navigates to Real Estate site

2.Admin selects Properties

3.Admin navigates to Properties Settings

4.Admin enters text in Property URL field

Expected Result:

Admin should not be able to add white spaces in url text.

Actual Result:'

Admin should is able to add white spaces in url text.

!Properties Settings ‹ Real Estate — WordPress - Work - Microsoft​ Edge 08-09-2021 16_38_12-20210908-110812.png|width=1536,height=824!",,shruti shinde,612ef7a263f7bb00697f52d1,,,,,,,,,RE-70,RE-65,,,,,,,,,,,,,,,,,,,,08/Sep/21 11:39 AM;ug:6d5e7bbe-3fd2-4014-8a85-81e0fd14774b;Properties Settings ‹ Real Estate — WordPress - Work - Microsoft​ Edge 08-09-2021 16_38_12-20210908-110812.png;https://corporateola122.atlassian.net/secure/attachment/10012/Properties+Settings+%E2%80%B9+Real+Estate+%E2%80%94+WordPress+-+Work+-+Microsoft%E2%80%8B+Edge+08-09-2021+16_38_12-20210908-110812.png,,,,,,,{},,,,,,,0|i000ek:i,,RE Sprint 1,,,,,,,,To Do
Name field of quick edit of any particular record in displayed result should not accept invalid input,RE-91,10112,Bug,To Do,RE,Real Estate,software,shruti shinde,612ef7a263f7bb00697f52d1,,Medium,,shruti shinde,612ef7a263f7bb00697f52d1,shruti shinde,612ef7a263f7bb00697f52d1,shruti shinde,612ef7a263f7bb00697f52d1,08/Sep/21 8:56 AM,09/Sep/21 3:42 AM,09/Sep/21 5:19 AM,,,0,"h1. Name field of quick edit of any particular record in displayed result accepts special characters

Steps to reproduce

1.Admin navigates to Real Estate site

2.Admin selects Properties

3.Admin navigates to Regions page

4.Admin clicks on quick edit option of any particular record in displayed result

5.Admin enters the text in name field.

Expected Result:

Admin should be able to enter text in name field of quick edit as it is mandatory.
It can be alphanumeric but no special characters.

Actual Result:

Admin is able to enter text in name field of quick edit which contains special characters.

!Properties Settings ‹ Real Estate — WordPress - Work - Microsoft​ Edge 08-09-2021 14_32_14-20210908-090214.png|width=1536,height=824!

!Properties Settings ‹ Real Estate — WordPress - Work - Microsoft​ Edge 08-09-2021 14_32_21-20210908-090221.png|width=1536,height=824!",,shruti shinde,612ef7a263f7bb00697f52d1,,,,,,,,,RE-41,RE-9,,,,,,,,,,,,,,,,,,,,08/Sep/21 9:03 AM;ug:6d5e7bbe-3fd2-4014-8a85-81e0fd14774b;Properties Settings ‹ Real Estate — WordPress - Work - Microsoft​ Edge 08-09-2021 14_32_14-20210908-090214.png;https://corporateola122.atlassian.net/secure/attachment/10002/Properties+Settings+%E2%80%B9+Real+Estate+%E2%80%94+WordPress+-+Work+-+Microsoft%E2%80%8B+Edge+08-09-2021+14_32_14-20210908-090214.png,08/Sep/21 9:03 AM;ug:6d5e7bbe-3fd2-4014-8a85-81e0fd14774b;Properties Settings ‹ Real Estate — WordPress - Work - Microsoft​ Edge 08-09-2021 14_32_21-20210908-090221.png;https://corporateola122.atlassian.net/secure/attachment/10001/Properties+Settings+%E2%80%B9+Real+Estate+%E2%80%94+WordPress+-+Work+-+Microsoft%E2%80%8B+Edge+08-09-2021+14_32_21-20210908-090221.png,,,,,,{},,,,,,,0|i000eh:,,RE Sprint 1,,,,,,,,To Do
Property URL field is accepting invalid special characters ,RE-90,10111,Bug,To Do,RE,Real Estate,software,shruti shinde,612ef7a263f7bb00697f52d1,,Medium,,shruti shinde,612ef7a263f7bb00697f52d1,shruti shinde,612ef7a263f7bb00697f52d1,shruti shinde,612ef7a263f7bb00697f52d1,08/Sep/21 8:36 AM,09/Sep/21 3:46 AM,09/Sep/21 5:19 AM,,,0,"h1. *The Property URL field should not accept @,\!,\[],(),\{},\\ special characters.*

Steps to reproduce:

1.Admin navigates to Real Estate site

2.Admin selects Properties

3.Admin navigates to Properties Settings

4.Admin enters text in Property URL field

Expected Result:

Admin should be able to enter text which should not contain special characters like  @,\!,\[],(),\{},\\

Actual Result:

Admin is able to enter text which contains special characters like  @,\!,\[],(),\{},\\.

!Properties Settings ‹ Real Estate — WordPress - Work - Microsoft​ Edge 08-09-2021 14_19_35-20210908-085112.png|width=1536,height=389!",,shruti shinde,612ef7a263f7bb00697f52d1,,,,,,,,,RE-71,RE-65,,,,,,,,,,,,,,,,,,,,08/Sep/21 8:51 AM;ug:6d5e7bbe-3fd2-4014-8a85-81e0fd14774b;Properties Settings ‹ Real Estate — WordPress - Work - Microsoft​ Edge 08-09-2021 14_19_35-20210908-085112.png;https://corporateola122.atlassian.net/secure/attachment/10000/Properties+Settings+%E2%80%B9+Real+Estate+%E2%80%94+WordPress+-+Work+-+Microsoft%E2%80%8B+Edge+08-09-2021+14_19_35-20210908-085112.png,,,,,,,{},,,,,,,0|i000el:,,RE Sprint 1,,,,,,,,To Do
Verify the Name field with by default text in quick edit page,RE-89,10110,Test,Done,RE,Real Estate,software,shruti shinde,612ef7a263f7bb00697f52d1,,Medium,Done,shruti shinde,612ef7a263f7bb00697f52d1,shruti shinde,612ef7a263f7bb00697f52d1,shruti shinde,612ef7a263f7bb00697f52d1,08/Sep/21 4:07 AM,09/Sep/21 3:54 AM,09/Sep/21 3:54 AM,08/Sep/21 12:30 PM,,0,,,shruti shinde,612ef7a263f7bb00697f52d1,,,,,,,,,,,RE-81,,,,,,,,,,,,,,,,,,,,,,,,,,{},,,,,,,0|i0008j:i,,RE Sprint 1,,,,,,,,Done
Verify the Slug field with by default text in quick edit page,RE-88,10109,Test,Done,RE,Real Estate,software,shruti shinde,612ef7a263f7bb00697f52d1,,Medium,Done,shruti shinde,612ef7a263f7bb00697f52d1,shruti shinde,612ef7a263f7bb00697f52d1,shruti shinde,612ef7a263f7bb00697f52d1,08/Sep/21 4:07 AM,09/Sep/21 3:53 AM,09/Sep/21 3:53 AM,08/Sep/21 12:30 PM,,0,,,shruti shinde,612ef7a263f7bb00697f52d1,,,,,,,,,,,RE-82,,,,,,,,,,,,,,,,,,,,,,,,,,{},,,,,,,0|i0008k:,,RE Sprint 1,,,,,,,,Done
Verify the Name field should be mandatory in edit page,RE-87,10108,Test,Done,RE,Real Estate,software,shruti shinde,612ef7a263f7bb00697f52d1,,Medium,Done,shruti shinde,612ef7a263f7bb00697f52d1,shruti shinde,612ef7a263f7bb00697f52d1,shruti shinde,612ef7a263f7bb00697f52d1,08/Sep/21 4:01 AM,09/Sep/21 3:56 AM,09/Sep/21 3:56 AM,08/Sep/21 12:30 PM,,0,,,shruti shinde,612ef7a263f7bb00697f52d1,,,,,,,,,,,RE-23,,,,,,,,,,,,,,,,,,,,,,,,,,{},,,,,,,0|i0006r:6,,RE Sprint 1,,,,,,,,Done
Verify the Name field text with valid input in edit page,RE-86,10107,Test,Done,RE,Real Estate,software,shruti shinde,612ef7a263f7bb00697f52d1,,Medium,Done,shruti shinde,612ef7a263f7bb00697f52d1,shruti shinde,612ef7a263f7bb00697f52d1,shruti shinde,612ef7a263f7bb00697f52d1,08/Sep/21 3:58 AM,09/Sep/21 3:56 AM,09/Sep/21 3:56 AM,08/Sep/21 12:29 PM,,0,,,shruti shinde,612ef7a263f7bb00697f52d1,,,,,,,,,,,RE-80,,,,,,,,,,,,,,,,,,,,,,,,,,{},,,,,,,0|i0006r:4,,RE Sprint 1,,,,,,,,Done
Verify the Slug Field with Capital letters and special characters in edit page,RE-85,10106,Test,Done,RE,Real Estate,software,shruti shinde,612ef7a263f7bb00697f52d1,,Medium,Done,shruti shinde,612ef7a263f7bb00697f52d1,shruti shinde,612ef7a263f7bb00697f52d1,shruti shinde,612ef7a263f7bb00697f52d1,08/Sep/21 3:53 AM,09/Sep/21 3:56 AM,09/Sep/21 3:56 AM,08/Sep/21 12:29 PM,,0,,,shruti shinde,612ef7a263f7bb00697f52d1,,,,,,,,,,,RE-22,,,,,,,,,,,,,,,,,,,,,,,,,,{},,,,,,,0|i0006r:9,,RE Sprint 1,,,,,,,,Done
Verify the the by default option selected in parent region.,RE-84,10105,Test,Done,RE,Real Estate,software,shruti shinde,612ef7a263f7bb00697f52d1,,Medium,Done,shruti shinde,612ef7a263f7bb00697f52d1,shruti shinde,612ef7a263f7bb00697f52d1,shruti shinde,612ef7a263f7bb00697f52d1,08/Sep/21 3:50 AM,09/Sep/21 3:55 AM,09/Sep/21 3:55 AM,08/Sep/21 12:32 PM,,0,,,shruti shinde,612ef7a263f7bb00697f52d1,,,,,,,,,,,RE-83,,,,,,,,,,,,,,,,,,,,,,,,,,{},,,,,,,0|i0006u:,,RE Sprint 1,,,,,,,,Done
Verify the Description field with by default text,RE-83,10104,Test,Done,RE,Real Estate,software,shruti shinde,612ef7a263f7bb00697f52d1,,Medium,Done,shruti shinde,612ef7a263f7bb00697f52d1,shruti shinde,612ef7a263f7bb00697f52d1,shruti shinde,612ef7a263f7bb00697f52d1,08/Sep/21 3:48 AM,09/Sep/21 3:56 AM,09/Sep/21 3:56 AM,08/Sep/21 12:32 PM,,0,,,shruti shinde,612ef7a263f7bb00697f52d1,,,,,,,,,,,RE-82,,,,,,,,,,,,,,,,,,,,,,,,,,{},,,,,,,0|i0006r:i,,RE Sprint 1,,,,,,,,Done
Verify the Slug field with by default text in edit page,RE-82,10103,Test,Done,RE,Real Estate,software,shruti shinde,612ef7a263f7bb00697f52d1,,Medium,Done,shruti shinde,612ef7a263f7bb00697f52d1,shruti shinde,612ef7a263f7bb00697f52d1,shruti shinde,612ef7a263f7bb00697f52d1,08/Sep/21 3:47 AM,09/Sep/21 3:55 AM,09/Sep/21 3:55 AM,08/Sep/21 12:32 PM,,0,,,shruti shinde,612ef7a263f7bb00697f52d1,,,,,,,,,,,RE-81,,,,,,,,,,,,,,,,,,,,,,,,,,{},,,,,,,0|i0006s:,,RE Sprint 1,,,,,,,,Done
Verify the Name field with by default text in edit page,RE-81,10102,Test,Done,RE,Real Estate,software,shruti shinde,612ef7a263f7bb00697f52d1,,Medium,Done,shruti shinde,612ef7a263f7bb00697f52d1,shruti shinde,612ef7a263f7bb00697f52d1,shruti shinde,612ef7a263f7bb00697f52d1,07/Sep/21 12:54 PM,09/Sep/21 3:55 AM,09/Sep/21 3:55 AM,08/Sep/21 12:29 PM,,0,,,shruti shinde,612ef7a263f7bb00697f52d1,,,,,,,,,,,,,,,,,,,,,,,,,,,,,,,,,,,,,{},,,,,,,0|i0006t:,,RE Sprint 1,,,,,,,,Done
Verify the Name field text in region page with special characters,RE-80,10101,Test,Blocked,RE,Real Estate,software,shruti shinde,612ef7a263f7bb00697f52d1,,Medium,,shruti shinde,612ef7a263f7bb00697f52d1,shruti shinde,612ef7a263f7bb00697f52d1,shruti shinde,612ef7a263f7bb00697f52d1,07/Sep/21 12:38 PM,09/Sep/21 3:56 AM,09/Sep/21 5:11 AM,,,0,,,shruti shinde,612ef7a263f7bb00697f52d1,,,,,,,,,,,RE-11,,,,,,,,,,,,,,,,,,,,,,,,,,{},,,,,,,0|i0003a:,,RE Sprint 1,,,,,,,,In Progress
Verify the Properties Setting page display according to Screen Options,RE-79,10100,Test,Done,RE,Real Estate,software,shruti shinde,612ef7a263f7bb00697f52d1,,Medium,Done,shruti shinde,612ef7a263f7bb00697f52d1,shruti shinde,612ef7a263f7bb00697f52d1,shruti shinde,612ef7a263f7bb00697f52d1,07/Sep/21 12:05 PM,09/Sep/21 3:47 AM,09/Sep/21 5:19 AM,08/Sep/21 12:32 PM,,0,,,shruti shinde,612ef7a263f7bb00697f52d1,,,,,,,,,,,RE-78,,,,,,,,,,,,,,,,,,,,,,,,,,{},,,,,,,0|i000ec:,,RE Sprint 1,,,,,,,,Done
Verify the click on radio button in layout field in screen options in property settings page,RE-78,10099,Test,Done,RE,Real Estate,software,shruti shinde,612ef7a263f7bb00697f52d1,,Medium,Done,shruti shinde,612ef7a263f7bb00697f52d1,shruti shinde,612ef7a263f7bb00697f52d1,shruti shinde,612ef7a263f7bb00697f52d1,07/Sep/21 12:02 PM,09/Sep/21 3:47 AM,09/Sep/21 5:19 AM,08/Sep/21 12:27 PM,,0,,,shruti shinde,612ef7a263f7bb00697f52d1,,,,,,,,,,,,,,,,,,,,,,,,,,,,,,,,,,,,,{},,,,,,,0|i000ed:,,RE Sprint 1,,,,,,,,Done
As an admin I can click on Screen options on Properties Settings so that  I can select the layout of the page,RE-77,10098,Story,Done,RE,Real Estate,software,shruti shinde,612ef7a263f7bb00697f52d1,,Medium,Done,shruti shinde,612ef7a263f7bb00697f52d1,shruti shinde,612ef7a263f7bb00697f52d1,shruti shinde,612ef7a263f7bb00697f52d1,07/Sep/21 12:00 PM,09/Sep/21 3:48 AM,09/Sep/21 5:19 AM,08/Sep/21 12:35 PM,,0,,,shruti shinde,612ef7a263f7bb00697f52d1,,,,,,,,,,,,,RE-78,RE-79,,,,,,,,,,,,,,,,,,,,,,,{},,RE-1,,,,,0|i000eb:,,RE Sprint 1,,,,,,,,Done
Verfiy the Update button in Property Banner field.,RE-76,10097,Test,Done,RE,Real Estate,software,shruti shinde,612ef7a263f7bb00697f52d1,,Medium,Done,shruti shinde,612ef7a263f7bb00697f52d1,shruti shinde,612ef7a263f7bb00697f52d1,shruti shinde,612ef7a263f7bb00697f52d1,07/Sep/21 11:43 AM,09/Sep/21 3:48 AM,09/Sep/21 5:19 AM,08/Sep/21 12:35 PM,,0,,,shruti shinde,612ef7a263f7bb00697f52d1,,,,,,,,,,,RE-75,,,,,,,,,,,,,,,,,,,,,,,,,,{},,,,,,,0|i000e8:v,,RE Sprint 1,,,,,,,,Done
Verfiy the Add Row button in Property Banner field.,RE-75,10096,Test,Done,RE,Real Estate,software,shruti shinde,612ef7a263f7bb00697f52d1,,Medium,Done,shruti shinde,612ef7a263f7bb00697f52d1,shruti shinde,612ef7a263f7bb00697f52d1,shruti shinde,612ef7a263f7bb00697f52d1,07/Sep/21 11:40 AM,09/Sep/21 3:48 AM,09/Sep/21 5:19 AM,08/Sep/21 12:35 PM,,0,,,shruti shinde,612ef7a263f7bb00697f52d1,,,,,,,,,,,RE-74,,,,,,,,,,,,,,,,,,,,,,,,,,{},,,,,,,0|i000e8:i,,RE Sprint 1,,,,,,,,Done
Verfiy the uploaded image in Property Banner Image field.,RE-74,10095,Test,Done,RE,Real Estate,software,shruti shinde,612ef7a263f7bb00697f52d1,,Medium,Done,shruti shinde,612ef7a263f7bb00697f52d1,shruti shinde,612ef7a263f7bb00697f52d1,shruti shinde,612ef7a263f7bb00697f52d1,07/Sep/21 11:39 AM,09/Sep/21 3:48 AM,09/Sep/21 5:19 AM,08/Sep/21 12:32 PM,,0,,,shruti shinde,612ef7a263f7bb00697f52d1,,,,,,,,,,,RE-73,,,,,,,,,,,,,,,,,,,,,,,,,,{},,,,,,,0|i000e8:,,RE Sprint 1,,,,,,,,Done
Verfiy the Property Banner Image field.,RE-73,10094,Test,Done,RE,Real Estate,software,shruti shinde,612ef7a263f7bb00697f52d1,,Medium,Done,shruti shinde,612ef7a263f7bb00697f52d1,shruti shinde,612ef7a263f7bb00697f52d1,shruti shinde,612ef7a263f7bb00697f52d1,07/Sep/21 11:36 AM,09/Sep/21 3:48 AM,09/Sep/21 5:19 AM,08/Sep/21 12:32 PM,,0,,,shruti shinde,612ef7a263f7bb00697f52d1,,,,,,,,,,,RE-72,,,,,,,,,,,,,,,,,,,,,,,,,,{},,,,,,,0|i000e8:r,,RE Sprint 1,,,,,,,,Done
Verfiy the Property URL field text with Maximum 500 characters,RE-72,10093,Test,Blocked,RE,Real Estate,software,shruti shinde,612ef7a263f7bb00697f52d1,,Medium,,shruti shinde,612ef7a263f7bb00697f52d1,shruti shinde,612ef7a263f7bb00697f52d1,shruti shinde,612ef7a263f7bb00697f52d1,07/Sep/21 11:34 AM,09/Sep/21 3:49 AM,09/Sep/21 5:19 AM,,,0,,,shruti shinde,612ef7a263f7bb00697f52d1,,,,,,,,,,,RE-66,,,,,,,,,,,,,,,,,,,,,,,,,,{},,,,,,,0|i000e7:i,,RE Sprint 1,,,,,,,,In Progress
"Verify the property url field will accept all the special characters except @,!,[],(),{},\ ",RE-71,10092,Test,Blocked,RE,Real Estate,software,shruti shinde,612ef7a263f7bb00697f52d1,,Medium,,shruti shinde,612ef7a263f7bb00697f52d1,shruti shinde,612ef7a263f7bb00697f52d1,shruti shinde,612ef7a263f7bb00697f52d1,07/Sep/21 10:41 AM,09/Sep/21 3:49 AM,09/Sep/21 5:19 AM,,,0,,,shruti shinde,612ef7a263f7bb00697f52d1,,,,,,,,,,,RE-70,,,,,,,,,,,,,,,,,,,,,,,,,,{},,,,,,,0|i000e7:,,RE Sprint 1,,,,,,,,In Progress
Verify the property url field text with white spaces,RE-70,10091,Test,Blocked,RE,Real Estate,software,shruti shinde,612ef7a263f7bb00697f52d1,,Medium,,shruti shinde,612ef7a263f7bb00697f52d1,shruti shinde,612ef7a263f7bb00697f52d1,shruti shinde,612ef7a263f7bb00697f52d1,07/Sep/21 10:39 AM,09/Sep/21 3:49 AM,09/Sep/21 5:19 AM,,,0,,,shruti shinde,612ef7a263f7bb00697f52d1,,,,,,,,,,,RE-69,,,,,,,,,,,,,,,,,,,,,,,,,,{},,,,,,,0|i000e2:,,RE Sprint 1,,,,,,,,In Progress
Verify the property url field with no text or no image,RE-69,10090,Test,Done,RE,Real Estate,software,shruti shinde,612ef7a263f7bb00697f52d1,,Medium,Done,shruti shinde,612ef7a263f7bb00697f52d1,shruti shinde,612ef7a263f7bb00697f52d1,shruti shinde,612ef7a263f7bb00697f52d1,07/Sep/21 10:37 AM,09/Sep/21 3:49 AM,09/Sep/21 5:19 AM,08/Sep/21 12:31 PM,,0,,,shruti shinde,612ef7a263f7bb00697f52d1,,,,,,,,,,,RE-68,,,,,,,,,,,,,,,,,,,,,,,,,,{},,,,,,,0|i000e3:,,RE Sprint 1,,,,,,,,Done
Verify the text in property url field without starting with http:// or https://,RE-68,10089,Test,Blocked,RE,Real Estate,software,shruti shinde,612ef7a263f7bb00697f52d1,,Medium,,shruti shinde,612ef7a263f7bb00697f52d1,shruti shinde,612ef7a263f7bb00697f52d1,shruti shinde,612ef7a263f7bb00697f52d1,07/Sep/21 9:13 AM,09/Sep/21 3:49 AM,09/Sep/21 5:19 AM,,,0,,,shruti shinde,612ef7a263f7bb00697f52d1,,,,,,,,,,,RE-67,,,,,,,,,,,,,,,,,,,,,,,,,,{},,,,,,,0|i000e5:,,RE Sprint 1,,,,,,,,In Progress
Verify the property url field by entering the valid url starting with http:// or https://,RE-67,10088,Test,Done,RE,Real Estate,software,shruti shinde,612ef7a263f7bb00697f52d1,,Medium,Done,shruti shinde,612ef7a263f7bb00697f52d1,shruti shinde,612ef7a263f7bb00697f52d1,shruti shinde,612ef7a263f7bb00697f52d1,07/Sep/21 9:06 AM,09/Sep/21 3:48 AM,09/Sep/21 5:19 AM,08/Sep/21 12:35 PM,,0,,,shruti shinde,612ef7a263f7bb00697f52d1,,,,,,,,,,,RE-66,,,,,,,,,,,,,,,,,,,,,,,,,,{},,,,,,,0|i000e9:,,RE Sprint 1,,,,,,,,Done
Verfiy the Property URL field with alphanumeric only,RE-66,10087,Test,Blocked,RE,Real Estate,software,shruti shinde,612ef7a263f7bb00697f52d1,,Medium,,shruti shinde,612ef7a263f7bb00697f52d1,shruti shinde,612ef7a263f7bb00697f52d1,shruti shinde,612ef7a263f7bb00697f52d1,07/Sep/21 9:00 AM,09/Sep/21 3:49 AM,09/Sep/21 5:19 AM,,,0,,,shruti shinde,612ef7a263f7bb00697f52d1,,,,,,,,,,,,,,,,,,,,,,,,,,,,,,,,,,,,,{},,,,,,,0|i000e1:,,RE Sprint 1,,,,,,,,In Progress
As an admin I can click on Properties Settings so that I can add Property Banner Row,RE-65,10086,Story,Blocked,RE,Real Estate,software,shruti shinde,612ef7a263f7bb00697f52d1,,Medium,,shruti shinde,612ef7a263f7bb00697f52d1,shruti shinde,612ef7a263f7bb00697f52d1,shruti shinde,612ef7a263f7bb00697f52d1,07/Sep/21 7:29 AM,09/Sep/21 3:49 AM,09/Sep/21 5:19 AM,,,0,,,shruti shinde,612ef7a263f7bb00697f52d1,,,,,,,,,,,,,RE-66,RE-67,RE-68,RE-69,RE-70,RE-71,RE-72,RE-73,RE-74,RE-75,RE-76,,,,,,,,,,,,,,{},,RE-1,,,,,0|i000dt:,,RE Sprint 1,,,,,,,,In Progress
Verify entered text not matching with data in search Region in Region page,RE-64,10085,Test,Done,RE,Real Estate,software,shruti shinde,612ef7a263f7bb00697f52d1,,Medium,Done,shruti shinde,612ef7a263f7bb00697f52d1,shruti shinde,612ef7a263f7bb00697f52d1,shruti shinde,612ef7a263f7bb00697f52d1,07/Sep/21 7:23 AM,09/Sep/21 3:51 AM,09/Sep/21 5:19 AM,08/Sep/21 12:30 PM,,0,,,shruti shinde,612ef7a263f7bb00697f52d1,,,,,,,,,,,RE-54,,,,,,,,,,,,,,,,,,,,,,,,,,{},,,,,,,0|i000ch:,,RE Sprint 1,,,,,,,,Done
Verify the number of records per page in Pagination Field in Region Page,RE-63,10084,Test,Done,RE,Real Estate,software,shruti shinde,612ef7a263f7bb00697f52d1,,Medium,Done,shruti shinde,612ef7a263f7bb00697f52d1,shruti shinde,612ef7a263f7bb00697f52d1,shruti shinde,612ef7a263f7bb00697f52d1,07/Sep/21 7:12 AM,09/Sep/21 3:50 AM,09/Sep/21 5:19 AM,08/Sep/21 12:30 PM,,0,,,shruti shinde,612ef7a263f7bb00697f52d1,,,,,,,,,,,RE-62,,,,,,,,,,,,,,,,,,,,,,,,,,{},,,,,,,0|i000dk:9,,RE Sprint 1,,,,,,,,Done
Verify the entering page number in Pagination Field in Region Page,RE-62,10083,Test,Done,RE,Real Estate,software,shruti shinde,612ef7a263f7bb00697f52d1,,Medium,Done,shruti shinde,612ef7a263f7bb00697f52d1,shruti shinde,612ef7a263f7bb00697f52d1,shruti shinde,612ef7a263f7bb00697f52d1,07/Sep/21 7:07 AM,09/Sep/21 3:50 AM,09/Sep/21 5:19 AM,08/Sep/21 12:30 PM,,0,,,shruti shinde,612ef7a263f7bb00697f52d1,,,,,,,,,,,RE-61,,,,,,,,,,,,,,,,,,,,,,,,,,{},,,,,,,0|i000dj:,,RE Sprint 1,,,,,,,,Done
Verify the text field for entering page number in Pagination Field in Region Page,RE-61,10082,Test,Done,RE,Real Estate,software,shruti shinde,612ef7a263f7bb00697f52d1,,Medium,Done,shruti shinde,612ef7a263f7bb00697f52d1,shruti shinde,612ef7a263f7bb00697f52d1,shruti shinde,612ef7a263f7bb00697f52d1,07/Sep/21 7:02 AM,09/Sep/21 3:50 AM,09/Sep/21 5:19 AM,08/Sep/21 12:34 PM,,0,,,shruti shinde,612ef7a263f7bb00697f52d1,,,,,,,,,,,RE-60,,,,,,,,,,,,,,,,,,,,,,,,,,{},,,,,,,0|i000dk:i,,RE Sprint 1,,,,,,,,Done
Verify the double forward arrow in Pagination Field in Region Page,RE-60,10081,Test,Done,RE,Real Estate,software,shruti shinde,612ef7a263f7bb00697f52d1,,Medium,Done,shruti shinde,612ef7a263f7bb00697f52d1,shruti shinde,612ef7a263f7bb00697f52d1,shruti shinde,612ef7a263f7bb00697f52d1,07/Sep/21 6:58 AM,09/Sep/21 3:50 AM,09/Sep/21 5:19 AM,08/Sep/21 12:30 PM,,0,,,shruti shinde,612ef7a263f7bb00697f52d1,,,,,,,,,,,RE-59,,,,,,,,,,,,,,,,,,,,,,,,,,{},,,,,,,0|i000dl:,,RE Sprint 1,,,,,,,,Done
Verify the double backward arrow in Pagination Field in Region Page,RE-59,10080,Test,Done,RE,Real Estate,software,shruti shinde,612ef7a263f7bb00697f52d1,,Medium,Done,shruti shinde,612ef7a263f7bb00697f52d1,shruti shinde,612ef7a263f7bb00697f52d1,shruti shinde,612ef7a263f7bb00697f52d1,07/Sep/21 6:56 AM,09/Sep/21 3:50 AM,09/Sep/21 5:19 AM,08/Sep/21 12:34 PM,,0,,,shruti shinde,612ef7a263f7bb00697f52d1,,,,,,,,,,,RE-58,,,,,,,,,,,,,,,,,,,,,,,,,,{},,,,,,,0|i000dd:,,RE Sprint 1,,,,,,,,Done
Verify the single backward arrow in Pagination Field in Region Page,RE-58,10079,Test,Done,RE,Real Estate,software,shruti shinde,612ef7a263f7bb00697f52d1,,Medium,Done,shruti shinde,612ef7a263f7bb00697f52d1,shruti shinde,612ef7a263f7bb00697f52d1,shruti shinde,612ef7a263f7bb00697f52d1,07/Sep/21 6:55 AM,09/Sep/21 3:50 AM,09/Sep/21 5:19 AM,08/Sep/21 12:30 PM,,0,,,shruti shinde,612ef7a263f7bb00697f52d1,,,,,,,,,,,RE-57,,,,,,,,,,,,,,,,,,,,,,,,,,{},,,,,,,0|i000d5:,,RE Sprint 1,,,,,,,,Done
Verify the single forward arrow in Pagination Field in Region Page,RE-57,10078,Test,Done,RE,Real Estate,software,shruti shinde,612ef7a263f7bb00697f52d1,,Medium,Done,shruti shinde,612ef7a263f7bb00697f52d1,shruti shinde,612ef7a263f7bb00697f52d1,shruti shinde,612ef7a263f7bb00697f52d1,07/Sep/21 6:47 AM,09/Sep/21 3:50 AM,09/Sep/21 5:19 AM,08/Sep/21 12:30 PM,,0,,,shruti shinde,612ef7a263f7bb00697f52d1,,,,,,,,,,,,,,,,,,,,,,,,,,,,,,,,,,,,,{},,,,,,,0|i000dk:,,RE Sprint 1,,,,,,,,Done
As an admin I should be able to see Pagination field so that I can see all pages of records in displayed result in Region Page.,RE-56,10077,Story,Done,RE,Real Estate,software,shruti shinde,612ef7a263f7bb00697f52d1,,Medium,Done,shruti shinde,612ef7a263f7bb00697f52d1,shruti shinde,612ef7a263f7bb00697f52d1,shruti shinde,612ef7a263f7bb00697f52d1,07/Sep/21 6:41 AM,09/Sep/21 3:51 AM,09/Sep/21 5:19 AM,08/Sep/21 12:34 PM,,0,,,shruti shinde,612ef7a263f7bb00697f52d1,,,,,,,,,,,,,RE-57,RE-58,RE-59,RE-60,RE-61,RE-62,RE-63,,,,,,,,,,,,,,,,,,{},,RE-1,,,,,0|i000cp:,,RE Sprint 1,,,,,,,,Done
Verify the search region field with no text in Region page,RE-55,10076,Test,Done,RE,Real Estate,software,shruti shinde,612ef7a263f7bb00697f52d1,,Medium,Done,shruti shinde,612ef7a263f7bb00697f52d1,shruti shinde,612ef7a263f7bb00697f52d1,shruti shinde,612ef7a263f7bb00697f52d1,07/Sep/21 6:36 AM,09/Sep/21 3:51 AM,09/Sep/21 5:19 AM,08/Sep/21 12:30 PM,,0,,,shruti shinde,612ef7a263f7bb00697f52d1,,,,,,,,,,,RE-54,,,,,,,,,,,,,,,,,,,,,,,,,,{},,,,,,,0|i000ag:,,RE Sprint 1,,,,,,,,Done
Verify the entered text in search region on Region page,RE-54,10075,Test,Done,RE,Real Estate,software,shruti shinde,612ef7a263f7bb00697f52d1,,Medium,Done,shruti shinde,612ef7a263f7bb00697f52d1,shruti shinde,612ef7a263f7bb00697f52d1,shruti shinde,612ef7a263f7bb00697f52d1,07/Sep/21 6:20 AM,09/Sep/21 3:51 AM,09/Sep/21 5:19 AM,08/Sep/21 12:31 PM,,0,,,shruti shinde,612ef7a263f7bb00697f52d1,,,,,,,,,,,,,,,,,,,,,,,,,,,,,,,,,,,,,{},,,,,,,0|i000ah:,,RE Sprint 1,,,,,,,,Done
Verify the Count column in displayed result on Region Page,RE-53,10074,Test,Done,RE,Real Estate,software,shruti shinde,612ef7a263f7bb00697f52d1,,Medium,Done,shruti shinde,612ef7a263f7bb00697f52d1,shruti shinde,612ef7a263f7bb00697f52d1,shruti shinde,612ef7a263f7bb00697f52d1,07/Sep/21 5:23 AM,09/Sep/21 3:51 AM,09/Sep/21 5:19 AM,08/Sep/21 12:34 PM,,0,,,shruti shinde,612ef7a263f7bb00697f52d1,,,,,,,,,,,RE-47,,,,,,,,,,,,,,,,,,,,,,,,,,{},,,,,,,0|i000ab:,,RE Sprint 1,,,,,,,,Done
Verify the downwards arrow next to description column in displayed result of Region Page,RE-52,10073,Test,Done,RE,Real Estate,software,shruti shinde,612ef7a263f7bb00697f52d1,,Medium,Done,shruti shinde,612ef7a263f7bb00697f52d1,shruti shinde,612ef7a263f7bb00697f52d1,shruti shinde,612ef7a263f7bb00697f52d1,07/Sep/21 4:41 AM,09/Sep/21 3:51 AM,09/Sep/21 5:19 AM,08/Sep/21 12:30 PM,,0,,,shruti shinde,612ef7a263f7bb00697f52d1,,,,,,,,,,,RE-51,,,,,,,,,,,,,,,,,,,,,,,,,,{},,,,,,,0|i000a3:,,RE Sprint 1,,,,,,,,Done
Verify the upward arrow next to description column in displayed result of Region Page,RE-51,10072,Test,Done,RE,Real Estate,software,shruti shinde,612ef7a263f7bb00697f52d1,,Medium,Done,shruti shinde,612ef7a263f7bb00697f52d1,shruti shinde,612ef7a263f7bb00697f52d1,shruti shinde,612ef7a263f7bb00697f52d1,07/Sep/21 4:39 AM,09/Sep/21 3:52 AM,09/Sep/21 5:19 AM,08/Sep/21 12:30 PM,,0,,,shruti shinde,612ef7a263f7bb00697f52d1,,,,,,,,,,,RE-48,,,,,,,,,,,,,,,,,,,,,,,,,,{},,,,,,,0|i0009v:,,RE Sprint 1,,,,,,,,Done
Verify the options under name of each record in Name column in displayed result on Region Page,RE-50,10071,Test,Done,RE,Real Estate,software,shruti shinde,612ef7a263f7bb00697f52d1,,Medium,Done,shruti shinde,612ef7a263f7bb00697f52d1,shruti shinde,612ef7a263f7bb00697f52d1,shruti shinde,612ef7a263f7bb00697f52d1,07/Sep/21 4:25 AM,09/Sep/21 3:52 AM,09/Sep/21 5:19 AM,08/Sep/21 12:34 PM,,0,,,shruti shinde,612ef7a263f7bb00697f52d1,,,,,,,,,,,RE-46,,,,,,,,,,,,,,,,,,,,,,,,,,{},,,,,,,0|i0009n:,,RE Sprint 1,,,,,,,,Done
Verify the click on any Name in Name column in displayed result in Region Page,RE-49,10070,Test,Done,RE,Real Estate,software,shruti shinde,612ef7a263f7bb00697f52d1,,Medium,Done,shruti shinde,612ef7a263f7bb00697f52d1,shruti shinde,612ef7a263f7bb00697f52d1,shruti shinde,612ef7a263f7bb00697f52d1,07/Sep/21 3:56 AM,09/Sep/21 3:52 AM,09/Sep/21 5:19 AM,08/Sep/21 12:30 PM,,0,,,shruti shinde,612ef7a263f7bb00697f52d1,,,,,,,,,,,RE-46,,,,,,,,,,,,,,,,,,,,,,,,,,{},,,,,,,0|i0009f:,,RE Sprint 1,,,,,,,,Done
Verify the checkboxes in displayed result of Region Page,RE-48,10069,Test,Done,RE,Real Estate,software,shruti shinde,612ef7a263f7bb00697f52d1,,Medium,Done,shruti shinde,612ef7a263f7bb00697f52d1,shruti shinde,612ef7a263f7bb00697f52d1,shruti shinde,612ef7a263f7bb00697f52d1,07/Sep/21 3:46 AM,09/Sep/21 3:52 AM,09/Sep/21 5:19 AM,08/Sep/21 12:31 PM,,0,,,shruti shinde,612ef7a263f7bb00697f52d1,,,,,,,,,,,RE-47,,,,,,,,,,,,,,,,,,,,,,,,,,{},,,,,,,0|i00095:,,RE Sprint 1,,,,,,,,Done
Verify the columns displayed in displayed result is according to Screen Option in Region Page,RE-47,10068,Test,Done,RE,Real Estate,software,shruti shinde,612ef7a263f7bb00697f52d1,,Medium,Done,shruti shinde,612ef7a263f7bb00697f52d1,shruti shinde,612ef7a263f7bb00697f52d1,shruti shinde,612ef7a263f7bb00697f52d1,06/Sep/21 12:24 PM,09/Sep/21 3:52 AM,09/Sep/21 5:19 AM,08/Sep/21 12:30 PM,,0,,,shruti shinde,612ef7a263f7bb00697f52d1,,,,,,,,,,,RE-46,,,,,,,,,,,,,,,,,,,,,,,,,,{},,,,,,,0|i00094:,,RE Sprint 1,,,,,,,,Done
Verify the Name column in displayed result is mandatory in Region Page,RE-46,10067,Test,Done,RE,Real Estate,software,shruti shinde,612ef7a263f7bb00697f52d1,,Medium,Done,shruti shinde,612ef7a263f7bb00697f52d1,shruti shinde,612ef7a263f7bb00697f52d1,shruti shinde,612ef7a263f7bb00697f52d1,06/Sep/21 12:17 PM,09/Sep/21 3:52 AM,09/Sep/21 5:19 AM,08/Sep/21 12:34 PM,,0,,,shruti shinde,612ef7a263f7bb00697f52d1,,,,,,,,,,,,,,,,,,,,,,,,,,,,,,,,,,,,,{},,,,,,,0|i00097:,,RE Sprint 1,,,,,,,,Done
Verify the view option in any one particular record of displayed result of Region Page.,RE-45,10066,Test,Done,RE,Real Estate,software,shruti shinde,612ef7a263f7bb00697f52d1,,Medium,Done,shruti shinde,612ef7a263f7bb00697f52d1,shruti shinde,612ef7a263f7bb00697f52d1,shruti shinde,612ef7a263f7bb00697f52d1,06/Sep/21 11:48 AM,09/Sep/21 3:52 AM,09/Sep/21 5:19 AM,08/Sep/21 12:32 PM,,0,,,shruti shinde,612ef7a263f7bb00697f52d1,,,,,,,,,,,,,,,,,,,,,,,,,,,,,,,,,,,,,{},,,,,,,0|i0008x:,,RE Sprint 1,,,,,,,,Done
Verify the Cancel Button in quick edit page of displayed result,RE-44,10065,Test,Done,RE,Real Estate,software,shruti shinde,612ef7a263f7bb00697f52d1,,Medium,Done,shruti shinde,612ef7a263f7bb00697f52d1,shruti shinde,612ef7a263f7bb00697f52d1,shruti shinde,612ef7a263f7bb00697f52d1,03/Sep/21 11:50 AM,09/Sep/21 3:53 AM,09/Sep/21 3:53 AM,08/Sep/21 12:30 PM,,0,,,shruti shinde,612ef7a263f7bb00697f52d1,,,,,,,,,,,RE-43,,,,,,,,,,,,,,,,,,,,,,,,,,{},,,,,,,0|i0008o:i,,RE Sprint 1,,,,,,,,Done
Verify the Update Button in quick edit page of displayed result,RE-43,10064,Test,Done,RE,Real Estate,software,shruti shinde,612ef7a263f7bb00697f52d1,,Medium,Done,shruti shinde,612ef7a263f7bb00697f52d1,shruti shinde,612ef7a263f7bb00697f52d1,shruti shinde,612ef7a263f7bb00697f52d1,03/Sep/21 11:46 AM,09/Sep/21 3:53 AM,09/Sep/21 3:53 AM,08/Sep/21 12:30 PM,,0,,,shruti shinde,612ef7a263f7bb00697f52d1,,,,,,,,,,,RE-41,,,,,,,,,,,,,,,,,,,,,,,,,,{},,,,,,,0|i0008o:,,RE Sprint 1,,,,,,,,Done
Verify the slug field of quick edit,RE-42,10063,Test,Done,RE,Real Estate,software,shruti shinde,612ef7a263f7bb00697f52d1,,Medium,Done,shruti shinde,612ef7a263f7bb00697f52d1,shruti shinde,612ef7a263f7bb00697f52d1,shruti shinde,612ef7a263f7bb00697f52d1,03/Sep/21 11:43 AM,09/Sep/21 3:53 AM,09/Sep/21 3:53 AM,08/Sep/21 12:30 PM,,0,,,shruti shinde,612ef7a263f7bb00697f52d1,,,,,,,,,,,RE-41,,,,,,,,,,,,,,,,,,,,,,,,,,{},,,,,,,0|i0008n:,,RE Sprint 1,,,,,,,,Done
Verify the name field of quick edit of any particular record in displayed result,RE-41,10062,Test,Blocked,RE,Real Estate,software,shruti shinde,612ef7a263f7bb00697f52d1,,Medium,,shruti shinde,612ef7a263f7bb00697f52d1,shruti shinde,612ef7a263f7bb00697f52d1,shruti shinde,612ef7a263f7bb00697f52d1,03/Sep/21 11:40 AM,09/Sep/21 3:53 AM,09/Sep/21 3:53 AM,,,0,,,shruti shinde,612ef7a263f7bb00697f52d1,,,,,,,,,,,RE-40,,,,,,,,,,,,,,,,,,,,,,,,,,{},,,,,,,0|i0008m:,,RE Sprint 1,,,,,,,,In Progress
Verify the options of quick edit appears after clicking on quick edit in displayed result.,RE-40,10061,Test,Done,RE,Real Estate,software,shruti shinde,612ef7a263f7bb00697f52d1,,Medium,Done,shruti shinde,612ef7a263f7bb00697f52d1,shruti shinde,612ef7a263f7bb00697f52d1,shruti shinde,612ef7a263f7bb00697f52d1,03/Sep/21 11:32 AM,09/Sep/21 3:53 AM,09/Sep/21 5:19 AM,08/Sep/21 12:31 PM,,0,,,shruti shinde,612ef7a263f7bb00697f52d1,,,,,,,,,,,,,,,,,,,,,,,,,,,,,,,,,,,,,{},,,,,,,0|i0008p:,,RE Sprint 1,,,,,,,,Done
Verify the record is deleted by clicking delete in any particular record in displayed result.,RE-39,10060,Test,Blocked,RE,Real Estate,software,shruti shinde,612ef7a263f7bb00697f52d1,,Medium,,shruti shinde,612ef7a263f7bb00697f52d1,shruti shinde,612ef7a263f7bb00697f52d1,shruti shinde,612ef7a263f7bb00697f52d1,03/Sep/21 11:24 AM,09/Sep/21 3:54 AM,09/Sep/21 3:54 AM,,,0,,,shruti shinde,612ef7a263f7bb00697f52d1,,,,,,,,,,,,,,,,,,,,,,,,,,,,,,,,,,,,,{},,,,,,,0|i0008f:,,RE Sprint 1,,,,,,,,In Progress
Verify the Delete Button in edit page,RE-38,10059,Test,Done,RE,Real Estate,software,shruti shinde,612ef7a263f7bb00697f52d1,,Medium,Done,shruti shinde,612ef7a263f7bb00697f52d1,shruti shinde,612ef7a263f7bb00697f52d1,shruti shinde,612ef7a263f7bb00697f52d1,03/Sep/21 10:24 AM,09/Sep/21 3:54 AM,09/Sep/21 3:54 AM,08/Sep/21 12:32 PM,,0,,,shruti shinde,612ef7a263f7bb00697f52d1,,,,,,,,,,,RE-34,,,,,,,,,,,,,,,,,,,,,,,,,,{},,,,,,,0|i00081:,,RE Sprint 1,,,,,,,,Done
Verify that page navigates back to the region page after updating the record.,RE-37,10058,Test,Done,RE,Real Estate,software,shruti shinde,612ef7a263f7bb00697f52d1,,Medium,Done,shruti shinde,612ef7a263f7bb00697f52d1,shruti shinde,612ef7a263f7bb00697f52d1,shruti shinde,612ef7a263f7bb00697f52d1,03/Sep/21 10:20 AM,09/Sep/21 3:54 AM,09/Sep/21 3:54 AM,08/Sep/21 12:30 PM,,0,,,shruti shinde,612ef7a263f7bb00697f52d1,,,,,,,,,,,RE-29,,,,,,,,,,,,,,,,,,,,,,,,,,{},,,,,,,0|i00083:,,RE Sprint 1,,,,,,,,Done
Verify the option for navigating back in pop up message after clicking Update Button in edit page,RE-36,10057,Test,Done,RE,Real Estate,software,shruti shinde,612ef7a263f7bb00697f52d1,,Medium,Done,shruti shinde,612ef7a263f7bb00697f52d1,shruti shinde,612ef7a263f7bb00697f52d1,shruti shinde,612ef7a263f7bb00697f52d1,03/Sep/21 10:13 AM,09/Sep/21 3:55 AM,09/Sep/21 3:55 AM,08/Sep/21 12:31 PM,,0,,,shruti shinde,612ef7a263f7bb00697f52d1,,,,,,,,,,,RE-35,,,,,,,,,,,,,,,,,,,,,,,,,,{},,,,,,,0|i0007v:,,RE Sprint 1,,,,,,,,Done
Verify the pop up message after clicking Update Button in edit page,RE-35,10056,Test,Done,RE,Real Estate,software,shruti shinde,612ef7a263f7bb00697f52d1,,Medium,Done,shruti shinde,612ef7a263f7bb00697f52d1,shruti shinde,612ef7a263f7bb00697f52d1,shruti shinde,612ef7a263f7bb00697f52d1,03/Sep/21 10:10 AM,09/Sep/21 3:54 AM,09/Sep/21 3:54 AM,08/Sep/21 12:30 PM,,0,,,shruti shinde,612ef7a263f7bb00697f52d1,,,,,,,,,,,RE-34,,,,,,,,,,,,,,,,,,,,,,,,,,{},,,,,,,0|i00087:,,RE Sprint 1,,,,,,,,Done
Verify the Update Button in edit page,RE-34,10055,Test,Done,RE,Real Estate,software,shruti shinde,612ef7a263f7bb00697f52d1,,Medium,Done,shruti shinde,612ef7a263f7bb00697f52d1,shruti shinde,612ef7a263f7bb00697f52d1,shruti shinde,612ef7a263f7bb00697f52d1,03/Sep/21 10:06 AM,09/Sep/21 3:55 AM,09/Sep/21 3:55 AM,08/Sep/21 12:30 PM,,0,,,shruti shinde,612ef7a263f7bb00697f52d1,,,,,,,,,,,RE-15,,,,,,,,,,,,,,,,,,,,,,,,,,{},,,,,,,0|i0007z:,,RE Sprint 1,,,,,,,,Done
Verify the Description field of edit page,RE-33,10054,Test,Done,RE,Real Estate,software,shruti shinde,612ef7a263f7bb00697f52d1,,Medium,Done,shruti shinde,612ef7a263f7bb00697f52d1,shruti shinde,612ef7a263f7bb00697f52d1,shruti shinde,612ef7a263f7bb00697f52d1,03/Sep/21 10:02 AM,09/Sep/21 3:55 AM,09/Sep/21 3:55 AM,08/Sep/21 12:30 PM,,0,,,shruti shinde,612ef7a263f7bb00697f52d1,,,,,,,,,,,RE-14,,,,,,,,,,,,,,,,,,,,,,,,,,{},,,,,,,0|i0007r:,,RE Sprint 1,,,,,,,,Done
Verify the Parent Region dropdown list of edit page,RE-32,10053,Test,Done,RE,Real Estate,software,shruti shinde,612ef7a263f7bb00697f52d1,,Medium,Done,shruti shinde,612ef7a263f7bb00697f52d1,shruti shinde,612ef7a263f7bb00697f52d1,shruti shinde,612ef7a263f7bb00697f52d1,03/Sep/21 9:59 AM,09/Sep/21 3:55 AM,09/Sep/21 3:55 AM,08/Sep/21 12:31 PM,,0,,,shruti shinde,612ef7a263f7bb00697f52d1,,,,,,,,,,,RE-13,,,,,,,,,,,,,,,,,,,,,,,,,,{},,,,,,,0|i0007j:,,RE Sprint 1,,,,,,,,Done
" Verify Slug Field in edit page with lowercase letters, numbers, and hyphens only",RE-31,10052,Test,Done,RE,Real Estate,software,shruti shinde,612ef7a263f7bb00697f52d1,,Medium,Done,shruti shinde,612ef7a263f7bb00697f52d1,shruti shinde,612ef7a263f7bb00697f52d1,shruti shinde,612ef7a263f7bb00697f52d1,03/Sep/21 9:55 AM,09/Sep/21 3:55 AM,09/Sep/21 3:55 AM,08/Sep/21 12:29 PM,,0,,,shruti shinde,612ef7a263f7bb00697f52d1,,,,,,,,,,,RE-12,,,,,,,,,,,,,,,,,,,,,,,,,,{},,,,,,,0|i0007b:,,RE Sprint 1,,,,,,,,Done
Verify the text in Name field in Edit Page,RE-30,10051,Test,Blocked,RE,Real Estate,software,shruti shinde,612ef7a263f7bb00697f52d1,,Medium,,shruti shinde,612ef7a263f7bb00697f52d1,shruti shinde,612ef7a263f7bb00697f52d1,shruti shinde,612ef7a263f7bb00697f52d1,03/Sep/21 9:49 AM,09/Sep/21 3:55 AM,09/Sep/21 3:55 AM,,,0,,,shruti shinde,612ef7a263f7bb00697f52d1,,,,,,,,,,,RE-11,,,,,,,,,,,,,,,,,,,,,,,,,,{},,,,,,,0|i00073:,,RE Sprint 1,,,,,,,,In Progress
Verify that page navigates to the edit page after the click on edit.,RE-29,10050,Test,Done,RE,Real Estate,software,shruti shinde,612ef7a263f7bb00697f52d1,,Medium,Done,shruti shinde,612ef7a263f7bb00697f52d1,shruti shinde,612ef7a263f7bb00697f52d1,shruti shinde,612ef7a263f7bb00697f52d1,03/Sep/21 9:44 AM,09/Sep/21 3:55 AM,09/Sep/21 3:55 AM,08/Sep/21 12:29 PM,,0,,,shruti shinde,612ef7a263f7bb00697f52d1,,,,,,,,,,,,,,,,,,,,,,,,,,,,,,,,,,,,,{},,,,,,,0|i0006v:,,RE Sprint 1,,,,,,,,Done
Verify the pop-up meassage after clicking Apply button in Region Page,RE-28,10049,Test,Done,RE,Real Estate,software,shruti shinde,612ef7a263f7bb00697f52d1,,Medium,Done,shruti shinde,612ef7a263f7bb00697f52d1,shruti shinde,612ef7a263f7bb00697f52d1,shruti shinde,612ef7a263f7bb00697f52d1,03/Sep/21 9:36 AM,09/Sep/21 3:58 AM,09/Sep/21 3:58 AM,08/Sep/21 12:28 PM,,0,,,shruti shinde,612ef7a263f7bb00697f52d1,,,,,,,,,,,RE-27,,,,,,,,,,,,,,,,,,,,,,,,,,{},,,,,,,0|i0002v:99,,RE Sprint 1,,,,,,,,Done
Verify the result after clicking Apply button in Region Page ,RE-27,10048,Test,Done,RE,Real Estate,software,shruti shinde,612ef7a263f7bb00697f52d1,,Medium,Done,shruti shinde,612ef7a263f7bb00697f52d1,shruti shinde,612ef7a263f7bb00697f52d1,shruti shinde,612ef7a263f7bb00697f52d1,03/Sep/21 9:18 AM,09/Sep/21 3:58 AM,09/Sep/21 3:58 AM,08/Sep/21 12:28 PM,,0,,,shruti shinde,612ef7a263f7bb00697f52d1,,,,,,,,,,,RE-26,,,,,,,,,,,,,,,,,,,,,,,,,,{},,,,,,,0|i0002v:9i,,RE Sprint 1,,,,,,,,Done
Verify the Apply button in displayed result page,RE-26,10047,Test,Done,RE,Real Estate,software,shruti shinde,612ef7a263f7bb00697f52d1,,Medium,Done,shruti shinde,612ef7a263f7bb00697f52d1,shruti shinde,612ef7a263f7bb00697f52d1,shruti shinde,612ef7a263f7bb00697f52d1,03/Sep/21 9:12 AM,09/Sep/21 3:58 AM,09/Sep/21 3:58 AM,08/Sep/21 12:28 PM,,0,,,shruti shinde,612ef7a263f7bb00697f52d1,,,,,,,,,,,RE-25,,,,,,,,,,,,,,,,,,,,,,,,,,{},,,,,,,0|i0002v:a,,RE Sprint 1,,,,,,,,Done
Verify that delete operation can be selected from dropdown list of Bulk actions for the selected checkboxes.,RE-25,10046,Test,Done,RE,Real Estate,software,shruti shinde,612ef7a263f7bb00697f52d1,,Medium,Done,shruti shinde,612ef7a263f7bb00697f52d1,shruti shinde,612ef7a263f7bb00697f52d1,shruti shinde,612ef7a263f7bb00697f52d1,03/Sep/21 7:17 AM,09/Sep/21 3:57 AM,09/Sep/21 3:57 AM,08/Sep/21 12:28 PM,,0,,,shruti shinde,612ef7a263f7bb00697f52d1,,,,,,,,,,,RE-24,,,,,,,,,,,,,,,,,,,,,,,,,,{},,,,,,,0|i0002v:b,,RE Sprint 1,,,,,,,,Done
Verify that one or more checkboxes can be selected in displayed result in Region Page.,RE-24,10045,Test,Done,RE,Real Estate,software,shruti shinde,612ef7a263f7bb00697f52d1,,Medium,Done,shruti shinde,612ef7a263f7bb00697f52d1,shruti shinde,612ef7a263f7bb00697f52d1,shruti shinde,612ef7a263f7bb00697f52d1,03/Sep/21 7:07 AM,09/Sep/21 3:57 AM,09/Sep/21 3:57 AM,08/Sep/21 12:28 PM,,0,,,shruti shinde,612ef7a263f7bb00697f52d1,,,,,,,,,,,,,,,,,,,,,,,,,,,,,,,,,,,,,{},,,,,,,0|i0002v:d,,RE Sprint 1,,,,,,,,Done
Verify the Name field is mandatory in region page,RE-23,10044,Test,Done,RE,Real Estate,software,shruti shinde,612ef7a263f7bb00697f52d1,,Medium,Done,shruti shinde,612ef7a263f7bb00697f52d1,shruti shinde,612ef7a263f7bb00697f52d1,shruti shinde,612ef7a263f7bb00697f52d1,03/Sep/21 5:24 AM,09/Sep/21 3:56 AM,09/Sep/21 3:56 AM,08/Sep/21 12:32 PM,,0,,,shruti shinde,612ef7a263f7bb00697f52d1,,,,,,,,,,,RE-11,,,,,,,,,,,,,,,,,,,,,,,,,,{},,,,,,,0|i0006n:,,RE Sprint 1,,,,,,,,Done
Verify the Slug Field with special Characters and Capital Letters,RE-22,10043,Test,Done,RE,Real Estate,software,shruti shinde,612ef7a263f7bb00697f52d1,,Medium,Done,shruti shinde,612ef7a263f7bb00697f52d1,shruti shinde,612ef7a263f7bb00697f52d1,shruti shinde,612ef7a263f7bb00697f52d1,03/Sep/21 5:18 AM,09/Sep/21 3:56 AM,09/Sep/21 3:56 AM,08/Sep/21 12:29 PM,,0,,,shruti shinde,612ef7a263f7bb00697f52d1,,,,,,,,,,,RE-12,,,,,,,,,,,,,,,,,,,,,,,,,,{},,,,,,,0|i0006f:,,RE Sprint 1,,,,,,,,Done
Verify the Pagination Field with greater than 999 value,RE-21,10042,Test,Done,RE,Real Estate,software,shruti shinde,612ef7a263f7bb00697f52d1,,Medium,Done,shruti shinde,612ef7a263f7bb00697f52d1,shruti shinde,612ef7a263f7bb00697f52d1,shruti shinde,612ef7a263f7bb00697f52d1,03/Sep/21 5:09 AM,09/Sep/21 3:57 AM,09/Sep/21 3:57 AM,08/Sep/21 12:28 PM,,0,,,shruti shinde,612ef7a263f7bb00697f52d1,,,,,,,,,,,RE-20,,,,,,,,,,,,,,,,,,,,,,,,,,{},,,,,,,0|i00031:r,,RE Sprint 1,,,,,,,,Done
Verify the Pagination Field with 0 as selected number,RE-20,10041,Test,Done,RE,Real Estate,software,shruti shinde,612ef7a263f7bb00697f52d1,,Medium,Done,shruti shinde,612ef7a263f7bb00697f52d1,shruti shinde,612ef7a263f7bb00697f52d1,shruti shinde,612ef7a263f7bb00697f52d1,03/Sep/21 5:05 AM,09/Sep/21 3:57 AM,09/Sep/21 3:57 AM,08/Sep/21 12:28 PM,,0,,,shruti shinde,612ef7a263f7bb00697f52d1,,,,,,,,,,,,,,,,,,,,,,,,,,,,,,,,,,,,,{},,,,,,,0|i00031:i,,RE Sprint 1,,,,,,,,Done
Verify the Apply button in Screen options ,RE-19,10040,Test,Done,RE,Real Estate,software,shruti shinde,612ef7a263f7bb00697f52d1,,Medium,Done,shruti shinde,612ef7a263f7bb00697f52d1,shruti shinde,612ef7a263f7bb00697f52d1,shruti shinde,612ef7a263f7bb00697f52d1,03/Sep/21 4:59 AM,09/Sep/21 3:57 AM,09/Sep/21 3:57 AM,08/Sep/21 12:28 PM,,0,,,shruti shinde,612ef7a263f7bb00697f52d1,,,,,,,,,,,RE-18,,,,,,,,,,,,,,,,,,,,,,,,,,{},,,,,,,0|i00032:,,RE Sprint 1,,,,,,,,Done
Verify the Pagination Column for selecting number of items per page,RE-18,10039,Test,Done,RE,Real Estate,software,shruti shinde,612ef7a263f7bb00697f52d1,,Medium,Done,shruti shinde,612ef7a263f7bb00697f52d1,shruti shinde,612ef7a263f7bb00697f52d1,shruti shinde,612ef7a263f7bb00697f52d1,03/Sep/21 4:51 AM,09/Sep/21 3:57 AM,09/Sep/21 3:57 AM,08/Sep/21 12:28 PM,,0,,,shruti shinde,612ef7a263f7bb00697f52d1,,,,,,,,,,,RE-17,RE-20,,,,,,,,,,,,,,,,,,,,,,,,,{},,,,,,,0|i0002x:i,,RE Sprint 1,,,,,,,,Done
Verify the Column field with checkboxs to select desired columns,RE-17,10038,Test,Done,RE,Real Estate,software,shruti shinde,612ef7a263f7bb00697f52d1,,Medium,Done,shruti shinde,612ef7a263f7bb00697f52d1,shruti shinde,612ef7a263f7bb00697f52d1,shruti shinde,612ef7a263f7bb00697f52d1,03/Sep/21 4:40 AM,09/Sep/21 3:57 AM,09/Sep/21 3:57 AM,08/Sep/21 12:28 PM,,0,,,shruti shinde,612ef7a263f7bb00697f52d1,,,,,,,,,,,RE-16,,,,,,,,,,,,,,,,,,,,,,,,,,{},,,,,,,0|i0002y:,,RE Sprint 1,,,,,,,,Done
Verify that options to modify appear after clicking on Screen Options ,RE-16,10037,Test,Done,RE,Real Estate,software,shruti shinde,612ef7a263f7bb00697f52d1,,Medium,Done,shruti shinde,612ef7a263f7bb00697f52d1,shruti shinde,612ef7a263f7bb00697f52d1,shruti shinde,612ef7a263f7bb00697f52d1,02/Sep/21 5:26 PM,09/Sep/21 3:57 AM,09/Sep/21 3:57 AM,08/Sep/21 12:28 PM,,0,,,shruti shinde,612ef7a263f7bb00697f52d1,,,,,,,,,,,,,,,,,,,,,,,,,,,,,,,,,,,,,{},,,,,,,0|i00031:,,RE Sprint 1,,,,,,,,Done
Verify the Add New Region Button,RE-15,10036,Test,Done,RE,Real Estate,software,shruti shinde,612ef7a263f7bb00697f52d1,,Medium,Done,shruti shinde,612ef7a263f7bb00697f52d1,shruti shinde,612ef7a263f7bb00697f52d1,shruti shinde,612ef7a263f7bb00697f52d1,02/Sep/21 11:32 AM,09/Sep/21 3:56 AM,09/Sep/21 4:59 AM,08/Sep/21 12:31 PM,,0,,,shruti shinde,612ef7a263f7bb00697f52d1,,,,,,,,,,,RE-12,,,,,,,,,,,,,,,,,,,,,,,,,,{},,,,,,,0|i0003g:,,RE Sprint 1,,,,,,,,Done
 Verify the Description field in Add New region,RE-14,10035,Test,Done,RE,Real Estate,software,shruti shinde,612ef7a263f7bb00697f52d1,,Medium,Done,shruti shinde,612ef7a263f7bb00697f52d1,shruti shinde,612ef7a263f7bb00697f52d1,shruti shinde,612ef7a263f7bb00697f52d1,02/Sep/21 11:25 AM,09/Sep/21 3:56 AM,09/Sep/21 4:59 AM,08/Sep/21 12:28 PM,,0,,,shruti shinde,612ef7a263f7bb00697f52d1,,,,,,,,,,,RE-11,,,,,,,,,,,,,,,,,,,,,,,,,,{},,,,,,,0|i0003e:,,RE Sprint 1,,,,,,,,Done
Verify the Parent Region dropdown list ,RE-13,10034,Test,Done,RE,Real Estate,software,shruti shinde,612ef7a263f7bb00697f52d1,,Medium,Done,shruti shinde,612ef7a263f7bb00697f52d1,shruti shinde,612ef7a263f7bb00697f52d1,shruti shinde,612ef7a263f7bb00697f52d1,02/Sep/21 11:06 AM,09/Sep/21 3:56 AM,09/Sep/21 4:59 AM,08/Sep/21 12:31 PM,,0,,,shruti shinde,612ef7a263f7bb00697f52d1,,,,,,,,,,,RE-11,,,,,,,,,,,,,,,,,,,,,,,,,,{},,,,,,,0|i0003f:,,RE Sprint 1,,,,,,,,Done
"Verify Slug Field with lowercase and contains only letters, numbers, and hyphens.",RE-12,10033,Test,Done,RE,Real Estate,software,shruti shinde,612ef7a263f7bb00697f52d1,,Medium,Done,shruti shinde,612ef7a263f7bb00697f52d1,shruti shinde,612ef7a263f7bb00697f52d1,shruti shinde,612ef7a263f7bb00697f52d1,02/Sep/21 10:52 AM,09/Sep/21 3:57 AM,09/Sep/21 5:11 AM,08/Sep/21 12:29 PM,,0,,,shruti shinde,612ef7a263f7bb00697f52d1,,,,,,,,,,,,,,,,,,,,,,,,,,,,,,,,,,,,,{},,,,,,,0|i00037:,,RE Sprint 1,,,,,,,,Done
Verify the Name field in Add New Region is mandatory,RE-11,10032,Test,Done,RE,Real Estate,software,shruti shinde,612ef7a263f7bb00697f52d1,,Medium,Done,shruti shinde,612ef7a263f7bb00697f52d1,shruti shinde,612ef7a263f7bb00697f52d1,shruti shinde,612ef7a263f7bb00697f52d1,02/Sep/21 10:37 AM,09/Sep/21 3:56 AM,09/Sep/21 5:14 AM,08/Sep/21 12:28 PM,,0,,,shruti shinde,612ef7a263f7bb00697f52d1,,,,,,,,,,,,,,,,,,,,,,,,,,,,,,,,,,,,,{},,,,,,,0|i0003d:,,RE Sprint 1,,,,,,,,Done
As an admin I can click on view in any particular displayed result record in Region page so that I can navigate to other page.,RE-10,10031,Story,Done,RE,Real Estate,software,shruti shinde,612ef7a263f7bb00697f52d1,,Medium,Done,shruti shinde,612ef7a263f7bb00697f52d1,shruti shinde,612ef7a263f7bb00697f52d1,shruti shinde,612ef7a263f7bb00697f52d1,02/Sep/21 9:54 AM,09/Sep/21 3:53 AM,09/Sep/21 5:19 AM,08/Sep/21 12:33 PM,,0,,,shruti shinde,612ef7a263f7bb00697f52d1,,,,,,,,,,,,,RE-45,,,,,,,,,,,,,,,,,,,,,,,,{},,RE-1,,,,,0|i0008t:,,RE Sprint 1,,,,,,,,Done
As an admin I am able to click on quick edit option in any one particular record of displayed result of Region Page so that I can edit the record in displayed result,RE-9,10030,Story,Blocked,RE,Real Estate,software,shruti shinde,612ef7a263f7bb00697f52d1,,Medium,,shruti shinde,612ef7a263f7bb00697f52d1,shruti shinde,612ef7a263f7bb00697f52d1,shruti shinde,612ef7a263f7bb00697f52d1,02/Sep/21 9:53 AM,09/Sep/21 3:54 AM,09/Sep/21 3:54 AM,,,0,,,shruti shinde,612ef7a263f7bb00697f52d1,,,,,,,,,,,,,RE-40,RE-41,RE-42,RE-43,RE-44,RE-88,RE-89,,,,,,,,,,,,,,,,,,{},,RE-1,,,,,0|i0008j:,,RE Sprint 1,,,,,,,,In Progress
As an admin I am able to click on delete option in any one particular record of displayed result of Region Page so that I can delete the particular record in displayed result.,RE-8,10029,Story,Blocked,RE,Real Estate,software,shruti shinde,612ef7a263f7bb00697f52d1,,Medium,,shruti shinde,612ef7a263f7bb00697f52d1,shruti shinde,612ef7a263f7bb00697f52d1,shruti shinde,612ef7a263f7bb00697f52d1,02/Sep/21 9:53 AM,09/Sep/21 3:54 AM,09/Sep/21 3:54 AM,,,0,,,shruti shinde,612ef7a263f7bb00697f52d1,,,,,,,,,,,,,RE-39,,,,,,,,,,,,,,,,,,,,,,,,{},,RE-1,,,,,0|i0008b:,,RE Sprint 1,,,,,,,,In Progress
As an admin I am able to click on edit option in any one particular record of displayed result of Region Page so that I can update it in displayed result.,RE-7,10028,Story,Blocked,RE,Real Estate,software,shruti shinde,612ef7a263f7bb00697f52d1,,Medium,,shruti shinde,612ef7a263f7bb00697f52d1,shruti shinde,612ef7a263f7bb00697f52d1,shruti shinde,612ef7a263f7bb00697f52d1,02/Sep/21 9:52 AM,09/Sep/21 3:56 AM,09/Sep/21 3:56 AM,,,0,,,shruti shinde,612ef7a263f7bb00697f52d1,,,,,,,,,,,,,RE-29,RE-31,RE-32,RE-33,RE-34,RE-35,RE-36,RE-37,RE-38,RE-30,RE-81,RE-82,RE-83,RE-84,RE-85,RE-86,RE-87,,,,,,,,{},,RE-1,,,,,0|i0006r:,,RE Sprint 1,,,,,,,,In Progress
As an admin I should be able to select multiple checkboxes so that I can perform Bulk Actions using Action button in displayed result in Region page,RE-6,10027,Story,Done,RE,Real Estate,software,shruti shinde,612ef7a263f7bb00697f52d1,,Medium,Done,shruti shinde,612ef7a263f7bb00697f52d1,shruti shinde,612ef7a263f7bb00697f52d1,shruti shinde,612ef7a263f7bb00697f52d1,02/Sep/21 9:50 AM,09/Sep/21 3:58 AM,09/Sep/21 4:50 AM,08/Sep/21 12:33 PM,,0,,,shruti shinde,612ef7a263f7bb00697f52d1,,,,,,,,,,,,,RE-24,RE-25,RE-26,RE-27,RE-28,,,,,,,,,,,,,,,,,,,,{},,RE-1,,,,,0|i0002v:9,,RE Sprint 1,,,,,,,,Done
As an admin I can click on search regions so that I can modify and see desired columns in displayed result in Region Page,RE-5,10026,Story,Done,RE,Real Estate,software,shruti shinde,612ef7a263f7bb00697f52d1,,Medium,Done,shruti shinde,612ef7a263f7bb00697f52d1,shruti shinde,612ef7a263f7bb00697f52d1,shruti shinde,612ef7a263f7bb00697f52d1,02/Sep/21 9:49 AM,09/Sep/21 3:57 AM,09/Sep/21 3:57 AM,08/Sep/21 12:33 PM,,0,,,shruti shinde,612ef7a263f7bb00697f52d1,,,,,,,,,,,,,RE-16,RE-17,RE-18,RE-19,RE-20,RE-21,,,,,,,,,,,,,,,,,,,{},,RE-1,,,,,0|i0002w:,,RE Sprint 1,,,,,,,,Done
As an admin I can enter the text in Search Region Field so that I can search the regions in record.,RE-4,10025,Story,Done,RE,Real Estate,software,shruti shinde,612ef7a263f7bb00697f52d1,,Medium,Done,shruti shinde,612ef7a263f7bb00697f52d1,shruti shinde,612ef7a263f7bb00697f52d1,shruti shinde,612ef7a263f7bb00697f52d1,02/Sep/21 9:48 AM,09/Sep/21 3:51 AM,09/Sep/21 5:19 AM,08/Sep/21 12:34 PM,,0,,,shruti shinde,612ef7a263f7bb00697f52d1,,,,,,,,,,,,,RE-54,RE-55,RE-64,,,,,,,,,,,,,,,,,,,,,,{},,RE-1,,,,,0|i000af:,,RE Sprint 1,,,,,,,,Done
As an admin I should be able to see displayed result so that I can search and modify the records in displayed result of Region page.,RE-3,10024,Story,Done,RE,Real Estate,software,shruti shinde,612ef7a263f7bb00697f52d1,,Medium,Done,shruti shinde,612ef7a263f7bb00697f52d1,shruti shinde,612ef7a263f7bb00697f52d1,shruti shinde,612ef7a263f7bb00697f52d1,02/Sep/21 9:45 AM,09/Sep/21 3:52 AM,09/Sep/21 5:19 AM,08/Sep/21 12:34 PM,,0,,,shruti shinde,612ef7a263f7bb00697f52d1,,,,,,,,,,,,,RE-46,RE-47,RE-48,RE-49,RE-50,RE-51,RE-52,RE-53,,,,,,,,,,,,,,,,,{},,RE-1,,,,,0|i00091:,,RE Sprint 1,,,,,,,,Done
As an admin I can fill details in Add New Region so that I can add new region details in Region Page ,RE-2,10023,Story,Blocked,RE,Real Estate,software,shruti shinde,612ef7a263f7bb00697f52d1,,Medium,,shruti shinde,612ef7a263f7bb00697f52d1,shruti shinde,612ef7a263f7bb00697f52d1,shruti shinde,612ef7a263f7bb00697f52d1,02/Sep/21 9:01 AM,09/Sep/21 3:57 AM,09/Sep/21 3:57 AM,,,0,,,shruti shinde,612ef7a263f7bb00697f52d1,,,,,,,,,,,,,RE-11,RE-12,RE-13,RE-15,RE-22,RE-23,RE-14,RE-80,,,,,,,,,,,,,,,,,{},,RE-1,,,,,0|i00033:,,RE Sprint 1,,,,,,,,In Progress
Regions,RE-1,10022,Epic,In Progress,RE,Real Estate,software,shruti shinde,612ef7a263f7bb00697f52d1,,Medium,,shruti shinde,612ef7a263f7bb00697f52d1,shruti shinde,612ef7a263f7bb00697f52d1,shruti shinde,612ef7a263f7bb00697f52d1,02/Sep/21 8:48 AM,09/Sep/21 3:59 AM,09/Sep/21 5:11 AM,,,0,,,shruti shinde,612ef7a263f7bb00697f52d1,,,,,,,,,,,,,,,,,,,,,,,,,,,,,,,,,,,,,{},ghx-label-7,,Regions,To Do,,,0|i0002v:,,,,,,,,,,In Progress
